"카테고리","No","제품 ID","제품명","설명","데이터시트 URL"
"Embedded antennas","1","YC0001CA","YC0001CA","4G SMT mount PCB chip IFA embedded antenna",""
"Embedded antennas","2","YC0002AA","YC0002AA","4G SMT mount PCB chip IFA embedded antenna",""
"Embedded antennas","3","YC0002BA","YC0002BA","4G SMT mount PCB chip IFA embedded antenna",""
"Embedded antennas","4","YC0003BA","YC0003BA","4G SMT Mount PCB chip IFA embedded antenna",""
"Embedded antennas","5","YC0009AA","YC0009AA","Wi-Fi SMT mount ceramic chip IFA embedded antenna",""
"Embedded antennas","6","YC0010AA","YC0010AA","Wi-Fi SMT mount ceramic chip monopole embedded antenna",""
"Embedded antennas","7","YC0013AA","YC0013AA","GNSS SMT mount ceramic chip passive embedded antenna",""
"Embedded antennas","8","YC0017DA","YC0017DA","4G SMT mount PCB chip IFA embedded antenna",""
"Embedded antennas","9","YC0017EA","YC0017EA","4G SMT mount PCB chip IFA embedded antenna",""
"Embedded antennas","10","YC0018CA","YC0018CA","5G SMT mount PCB chip IFA embedded antenna",""
"Embedded antennas","11","YCGS010AA","YCGS010AA","GNSS SMT mount ceramic chip passive embedded antenna",""
"Embedded antennas","12","YCIS002AA","YCIS002AA","LPWA/ISM SMT mount ceramic chip IFA embedded antenna",""
"Embedded antennas","13","YCIS003AA","YCIS003AA","LPWA/ISM SMT mount ceramic chip IFA embedded antenna",""
"Embedded antennas","14","YECT004W1A","YECT004W1A","5G terminal mount rubber dipole external antenna",""
"Embedded antennas","15","YECT005W1A","YECT005W1A","5G terminal mount rubber dipole external antenna",""
"Embedded antennas","16","YF0003FA","YF0003FA","4G adhesive mount FPC + cable monopole embedded antenna",""
"Embedded antennas","17","YF0006PA","YF0006PA","4G adhesive mount FPC + cable monopole embedded antenna",""
"Embedded antennas","18","YF0007KA","YF0007KA","4G adhesive mount PCB + cable monopole embedded antenna",""
"Embedded antennas","19","YF0011KA","YF0011KA","Wi-Fi adhesive mount FPC + cable dipole embedded antenna",""
"Embedded antennas","20","YF0011SA","YF0011SA","Wi-Fi adhesive mount FPC + cable dipole embedded antenna",""
"Embedded antennas","21","YF0017FA","YF0017FA","5G adhesive mount FPC + cable dipole embedded antenna",""
"Embedded antennas","22","YF0017GA","YF0017GA","5G adhesive mount FPC + cable dipole embedded antenna",""
"Embedded antennas","23","YF0020EA","YF0020EA","5G adhesive mount FPC + cable dipole embedded antenna",""
"Embedded antennas","24","YF0022DA","YF0022DA","4G adhesive mount PCB + cable monopole embedded antenna",""
"Embedded antennas","25","YF0023FA","YF0023FA","Wi-Fi adhesive mount FPC + cable monopole embedded antenna",""
"Embedded antennas","26","YF0023GA","YF0023GA","Wi-Fi adhesive mount FPC + cable monopole embedded antenna",""
"Embedded antennas","27","YF0023HA","YF0023HA","Wi-Fi adhesive mount FPC + cable monopole embedded antenna",""
"Embedded antennas","28","YF0023IA","YF0023IA","Wi-Fi adhesive mount FPC + cable monopole embedded antenna",""
"Embedded antennas","29","YF0026AA","YF0026AA","Wi-Fi adhesive mount FPC + cable PIFA embedded antenna",""
"Embedded antennas","30","YF0026LA","YF0026LA","Wi-Fi adhesive mount FPC + cable IFA embedded antenna",""
"Embedded antennas","31","YF0027AA","YF0027AA","Wi-Fi adhesive mount FPC + cable PIFA embedded antenna",""
"Embedded antennas","32","YF0027CA","YF0027CA","Wi-Fi adhesive mount FPC + cable IFA embedded antenna",""
"Embedded antennas","33","YF0028AA","YF0028AA","4G adhesive mount FPC + cable dipole embedded antenna",""
"Embedded antennas","34","YF0029AA","YF0029AA","Wi-Fi adhesive mount FPC + cable IFA embedded antenna",""
"Embedded antennas","35","YF0029CA","YF0029CA","Wi-Fi adhesive mount FPC + cable IFA embedded antenna",""
"Embedded antennas","36","YFBC001WWA","YFBC001WWA","Wi-Fi SMT mount ceramic chip loop embedded antenna",""
"Embedded antennas","37","YFBP001WWA","YFBP001WWA","Wi-Fi SMT mount PCB chip IFA embedded antenna",""
"Embedded antennas","38","YFBP001WWB","YFBP001WWB","Wi-Fi SMT mount PCB chip IFA embedded antenna",""
"Embedded antennas","39","YFBP001WWC","YFBP001WWC","Wi-Fi SMT mount PCB chip IFA embedded antenna",""
"Embedded antennas","40","YFCA002HA","YFCA002HA","4G adhesive mount FPC + cable monopole embedded antenna",""
"Embedded antennas","41","YFCA010AA","YFCA010AA","5G adhesive mount FPC + cable dipole embedded antenna",""
"Embedded antennas","42","YFCA011AA","YFCA011AA","5G adhesive mount FPC + cable dipole embedded antenna",""
"Embedded antennas","43","YFCH001WWA","YFCH001WWA","4G Screw mount sheet metal + holder PIFA embedded antenna",""
"Embedded antennas","44","YFCH002WWA","YFCH002WWA","4G SMT mount sheet metal PIFA embedded antenna",""
"Embedded antennas","45","YFCP001WWA","YFCP001WWA","5G SMT mount PCB chip monopole embedded antenna",""
"Embedded antennas","46","YFCP002WWA","YFCP002WWA","4G SMT mount PCB chip IFA embedded antenna",""
"Embedded antennas","47","YFCP004WWA","YFCP004WWA","4G SMT mount PCB chip IFA embedded antenna",""
"Embedded antennas","48","YFCP005WWA","YFCP005WWA","4G SMT Mount PCB chip IFA embedded antenna",""
"Embedded antennas","49","YFCP006WWA","YFCP006WWA","4G SMT mount PCB chip IFA embedded antenna",""
"Embedded antennas","50","YFCP017WWA","YFCP017WWA","4G SMT mount PCB chip IFA embedded antenna",""
"Embedded antennas","51","YFCP017WWB","YFCP017WWB","4G SMT mount PCB chip IFA embedded antenna",""
"Embedded antennas","52","YFCP018WWA","YFCP018WWA","5G SMT mount PCB chip IFA embedded antenna",""
"Embedded antennas","53","YFGA003AA","YFGA003AA","GNSS adhesive mount FPC + cable passive embedded antenna",""
"Embedded antennas","54","YFGA005AA","YFGA005AA","GNSS adhesive mount FPC + cable passive embedded antenna",""
"Embedded antennas","55","YFGA006AA","YFGA006AA","GNSS adhesive mount FPC + cable passive embedded antenna",""
"Embedded antennas","56","YFGA010E3AM","YFGA010E3AM","GNSS buckle mount ceramic patch + cable active embedded antenna",""
"Embedded antennas","57","YFGA010E3BM","YFGA010E3BM","GNSS buckle mount ceramic patch + cable passive embedded antenna",""
"Embedded antennas","58","YFGA012E3AM","YFGA012E3AM","GNSS buckle mount ceramic patch + cable active embedded antenna",""
"Embedded antennas","59","YFGA012E3BM","YFGA012E3BM","GNSS buckle mount ceramic patch + cable passive embedded antenna",""
"Embedded antennas","60","YFGA015E3AM","YFGA015E3AM","GNSS buckle mount ceramic patch + cable active embedded antenna",""
"Embedded antennas","61","YFGA015E3BM","YFGA015E3BM","GNSS buckle mount ceramic patch + cable passive embedded antenna",""
"Embedded antennas","62","YFGA018E3AM","YFGA018E3AM","GNSS buckle mount ceramic patch + cable active embedded antenna",""
"Embedded antennas","63","YFGA018E3BM","YFGA018E3BM","GNSS buckle mount ceramic patch + cable passive embedded antenna",""
"Embedded antennas","64","YFGA020E3BM","YFGA020E3BM","GNSS buckle mount ceramic patch + cable passive embedded antenna",""
"Embedded antennas","65","YFGA025E3AM","YFGA025E3AM","GNSS buckle mount ceramic patch + cable active embedded antenna",""
"Embedded antennas","66","YFGA025E3BM","YFGA025E3BM","GNSS buckle mount ceramic patch + cable passive embedded antenna",""
"Embedded antennas","67","YFGA025E3CM","YFGA025E3CM","GNSS buckle mount ceramic patch + cable active embedded antenna",""
"Embedded antennas","68","YFGA025E3DM","YFGA025E3DM","GNSS buckle mount ceramic patch + cable passive embedded antenna",""
"Embedded antennas","69","YFGA035E3BM","YFGA035E3BM","GNSS buckle mount ceramic patch + cable passive embedded antenna",""
"Embedded antennas","70","YFGA035E3DM","YFGA035E3DM","GNSS buckle mount ceramic patch + cable passive embedded antenna",""
"Embedded antennas","71","YFGA225E3AM","YFGA225E3AM","GNSS L1 & L5 screw mount ceramic patch + cable active embedded antenna",""
"Embedded antennas","72","YFGA225E3BM","YFGA225E3BM","GNSS L1 & L5 screw mount ceramic patch + cable passive embedded antenna",""
"Embedded antennas","73","YFGA233E3AM","YFGA233E3AM","GNSS L1 & L5 screw mount ceramic patch + cable passive embedded antenna",""
"Embedded antennas","74","YFGA235E3CM","YFGA235E3CM","GNSS L1 & L5 screw mount ceramic patch + cable active embedded antenna",""
"Embedded antennas","75","YFGA245E3AM","YFGA245E3AM","GNSS L1 & L5 screw mount ceramic patch + cable active embedded antenna",""
"Embedded antennas","76","YFGA245E3BM","YFGA245E3BM","GNSS L1 & L2 screw mount ceramic patch + cable active embedded antenna",""
"Embedded antennas","77","YFGA245E3CM","YFGA245E3CM","GNSS L1 & L2 & L5 screw mount ceramic patch + cable active embedded antenna",""
"Embedded antennas","78","YFGC000WWAM","YFGC000WWAM","GNSS adhesive & soldering mount ceramic patch passive embedded antenna",""
"Embedded antennas","79","YFGC007E3A","YFGC007E3A","GNSS L1 & L5 buckle mount ceramic patch + cable active embedded antenna",""
"Embedded antennas","80","YFGC009WWA","YFGC009WWA","GNSS SMT mount ceramic patch passive embedded antenna",""
"Embedded antennas","81","YFGC009WWB","YFGC009WWB","GNSS SMT mount ceramic patch passive embedded antenna",""
"Embedded antennas","82","YFGC009WWC","YFGC009WWC","GNSS SMT mount ceramic patch passive embedded antenna",""
"Embedded antennas","83","YFGC010WWA","YFGC010WWA","GNSS adhesive & soldering mount ceramic patch passive embedded antenna",""
"Embedded antennas","84","YFGC012WWA","YFGC012WWA","GNSS adhesive & soldering mount ceramic patch passive embedded antenna",""
"Embedded antennas","85","YFGC012WWB","YFGC012WWB","GNSS adhesive & soldering mount ceramic patch passive embedded antenna",""
"Embedded antennas","86","YFGC015WWA","YFGC015WWA","GNSS adhesive & soldering mount ceramic patch passive embedded antenna",""
"Embedded antennas","87","YFGC015WWB","YFGC015WWB","GNSS adhesive & soldering mount ceramic patch passive embedded antenna",""
"Embedded antennas","88","YFGC018WWA","YFGC018WWA","GNSS adhesive & soldering mount ceramic patch passive embedded antenna",""
"Embedded antennas","89","YFGC020WWA","YFGC020WWA","GNSS adhesive & soldering mount ceramic patch passive embedded antenna",""
"Embedded antennas","90","YFGC025WWA","YFGC025WWA","GNSS adhesive & soldering mount ceramic patch passive embedded antenna",""
"Embedded antennas","91","YFGC025WWB","YFGC025WWB","GNSS adhesive & soldering mount ceramic patch passive embedded antenna",""
"Embedded antennas","92","YFGC025WWC","YFGC025WWC","GNSS adhesive & soldering mount ceramic patch passive embedded antenna",""
"Embedded antennas","93","YFGC025WWD","YFGC025WWD","GNSS adhesive & soldering mount ceramic patch passive embedded antenna",""
"Embedded antennas","94","YFGC035WWA","YFGC035WWA","GNSS adhesive & soldering mount ceramic patch passive embedded antenna",""
"Embedded antennas","95","YFGC035WWB","YFGC035WWB","GNSS adhesive & soldering mount ceramic patch passive embedded antenna",""
"Embedded antennas","96","YFGC035WWC","YFGC035WWC","GNSS adhesive & soldering mount ceramic patch passive embedded antenna",""
"Embedded antennas","97","YFGC040WWA","YFGC040WWA","GNSS adhesive & soldering mount ceramic patch passive embedded antenna",""
"Embedded antennas","98","YFGC041WWAM","YFGC041WWAM","GNSS adhesive & soldering mount ceramic patch passive embedded antenna",""
"Embedded antennas","99","YFGC225WWA","YFGC225WWA","GNSS adhesive & soldering mount ceramic patch passive embedded antenna",""
"Embedded antennas","100","YFGC233WWA","YFGC233WWA","GNSS adhesive & soldering mount ceramic patch passive embedded antenna",""
"Embedded antennas","101","YFGC235WWA","YFGC235WWA","GNSS adhesive & soldering mount ceramic patch passive embedded antenna",""
"Embedded antennas","102","YFGC238WWA","YFGC238WWA","GNSS adhesive & soldering mount ceramic patch passive embedded antenna",""
"Embedded antennas","103","YFGC245WWA","YFGC245WWA","GNSS adhesive & soldering mount ceramic patch passive embedded antenna",""
"Embedded antennas","104","YFGC245WWB","YFGC245WWB","GNSS adhesive & soldering mount ceramic patch passive embedded antenna",""
"Embedded antennas","105","YFMA200E3AM","YFMA200E3AM","5G & Wi-Fi 2in1 adhesive mount Combo embedded antenna",""
"Embedded antennas","106","YFMP200WWA","YFMP200WWA","Wi-Fi & GNSS 2in1 SMT mount Combo embedded antenna",""
"Embedded antennas","107","YFNF915F3AM","YFNF915F3AM","LPWA/ISM adhesive mount FPC + cable dipole embedded antenna",""
"Embedded antennas","108","YFNP001WWA","YFNP001WWA","LPWA/ISM SMT mount PCB chip loop embedded antenna",""
"Embedded antennas","109","YFNP001WWB","YFNP001WWB","LPWA/ISM SMT mount PCB chip loop embedded antenna",""
"Embedded antennas","110","YFNP017WWA","YFNP017WWA","LPWA/ISM SMT mount PCB chip monopole embedded antenna",""
"Embedded antennas","111","YFTA009E3AM","YFTA009E3AM","L-Band & GNSS L1 & iridium screw mount ceramic patch + cable active embedded antenna",""
"Embedded antennas","112","YFVP001WWA","YFVP001WWA","UWB SMT mount PCB chip monopole embedded antenna",""
"Embedded antennas","113","YMCP001AA","YMCP001AA","4G screw mount sheet metal + holder PIFA embedded antenna",""
"Embedded antennas","114","YMCP002AA","YMCP002AA","4G SMT mount sheet metal PIFA embedded antenna",""
"Embedded antennas","115","YMCP003AA","YMCP003AA","LPWA/ISM SMT mount sheet metal PIFA embedded antenna",""
"Embedded antennas","116","YP0009","YP0009","O A 5G adhesive mount PCB + cable dipole embedded antenna",""
"Embedded antennas","117","YP0009NA","YP0009NA","5G adhesive mount PCB + cable dipole embedded antenna",""
"Embedded antennas","118","YPCA004AA","YPCA004AA","4G adhesive mount PCB + cable monopole embedded antenna",""
"Embedded antennas","119","YPCA006AA","YPCA006AA","5G adhesive mount PCB + cable dipole embedded antenna",""
"Embedded antennas","120","YPCP001AA","YPCP001AA","4G SMT mount PCB chip IFA embedded antenna",""
"Embedded antennas","121","YPCP003AA","YPCP003AA","4G SMT mount PCB chip IFA embedded antenna",""
"Embedded antennas","122","YPCP003BA","YPCP003BA","4G SMT mount PCB chip IFA embedded antenna",""
"Embedded antennas","123","YPCS001AA","YPCS001AA","5G SMT mount PCB chip monopole embedded antenna",""
"Embedded antennas","124","YPCS002AA","YPCS002AA","LPWA/ISM SMT mount PCB chip monopole embedded antenna",""
"Embedded antennas","125","YPGS001AA","YPGS001AA","GNSS SMT mount PCB passive embedded antenna",""
"Embedded antennas","126","YSIS001AA","YSIS001AA","LPWA/ISM SMT mount spring + holder monopole embedded antenna",""
"Embedded antennas","127","YXU00A0AA","YXU00A0AA","Wi-Fi SMT mount PCB chip loop embedded antenna",""
"External antennas","128","YB0008AA","YB0008AA","4G & GNSS 3in1 adhesive mount Combo external antenna",""
"External antennas","129","YB0014AA","YB0014AA","4G & GNSS 3in1 screw mount Combo external antenna",""
"External antennas","130","YB0027AA","YB0027AA","5G & GNSS 9in1 screw mount Combo external antenna",""
"External antennas","131","YB0031AA","YB0031AA","4G & GNSS 2in1 adhesive mount Combo external antenna",""
"External antennas","132","YCN001AA","YCN001AA","4G terminal mount rubber monopole external antenna",""
"External antennas","133","YE0006AA","YE0006AA","4G magnetic mount whip monopole external antenna",""
"External antennas","134","YE0010AA","YE0010AA","4G adhesive mount low profile dipole external antenna",""
"External antennas","135","YE0013CA","YE0013CA","4G terminal mount rubber monopole external antenna",""
"External antennas","136","YEBA000J1AM","YEBA000J1AM","Wi-Fi adhesive mount low profile dipole external antenna",""
"External antennas","137","YEBA001L1AH","YEBA001L1AH","Wi-Fi adhesive mount whip monopole external antenna",""
"External antennas","138","YEBM001L1AH","YEBM001L1AH","Wi-Fi magnetic mount whip monopole external antenna",""
"External antennas","139","YEBT001W1AM","YEBT001W1AM","Wi-Fi terminal mount rubber monopole external antenna",""
"External antennas","140","YEBT001WFAM","YEBT001WFAM","Wi-Fi terminal mount rubber monopole external antenna",""
"External antennas","141","YEBT001WFBM","YEBT001WFBM","Wi-Fi terminal mount rubber monopole external antenna",""
"External antennas","142","YEBT002W1AM","YEBT002W1AM","Wi-Fi Terminal mount rubber monopole external antenna",""
"External antennas","143","YECA000G1AM","YECA000G1AM","5G adhesive mount low profile dipole external antenna",""
"External antennas","144","YECA000J1AM","YECA000J1AM","4G adhesive mount low profile monopole external antenna",""
"External antennas","145","YECA000M1A","YECA000M1A","4G adhesive mount low profile monopole external antenna",""
"External antennas","146","YECA001L1AH","YECA001L1AH","5G adhesive mount whip monopole external antenna",""
"External antennas","147","YECA002L1AH","YECA002L1AH","4G adhesive mount whip monopole external antenna",""
"External antennas","148","YECM001L1AH","YECM001L1AH","5G magnetic mount whip monopole external antenna",""
"External antennas","149","YECM002L1AH","YECM002L1AH","4G magnetic mount whip monopole external antenna",""
"External antennas","150","YECN001J1A","YECN001J1A","5G screw mount stubby PIFA external antenna",""
"External antennas","151","YECN001L1A","YECN001L1A","4G screw mount low profile monopole external antenna",""
"External antennas","152","YECN009AA","YECN009AA","5G terminal mount rubber dipole external antenna",""
"External antennas","153","YECN028AA","YECN028AA","5G terminal mount rubber dipole external antenna",""
"External antennas","154","YECT000WBA","YECT000WBA","5G screw mount stubby monopole external antenna",""
"External antennas","155","YECT000WXA","YECT000WXA","5G terminal mount stubby monopole external antenna",""
"External antennas","156","YECT001W1AM","YECT001W1AM","5G terminal mount rubber monopole external antenna",""
"External antennas","157","YECT001W1BM","YECT001W1BM","5G terminal mount rubber monopole external antenna",""
"External antennas","158","YECT001W1CM","YECT001W1CM","4G terminal mount rubber monopole external antenna",""
"External antennas","159","YECT001W1DM","YECT001W1DM","4G terminal mount rubber monopole external antenna",""
"External antennas","160","YECT003W1A","YECT003W1A","4G terminal mount rubber monopole external antenna",""
"External antennas","161","YECT004W5AM","YECT004W5AM","5G terminal mount whip dipole external antenna",""
"External antennas","162","YECT005WFA","YECT005WFA","5G terminal mount whip dipole external antenna",""
"External antennas","163","YECT007AA","YECT007AA","4G pole mount fiberglass dipole external antenna",""
"External antennas","164","YECT009W1AM","YECT009W1AM","4G terminal mount rubber monopole external antenna",""
"External antennas","165","YECT011W1AM","YECT011W1AM","4G terminal mount rubber dipole external antenna",""
"External antennas","166","YECT012W1AM","YECT012W1AM","4G terminal mount rubber dipole external antenna",""
"External antennas","167","YECT028W1A","YECT028W1A","5G terminal mount rubber dipole external antenna",""
"External antennas","168","YECT101W7AH","YECT101W7AH","5G terminal mount stubby monopole external antenna",""
"External antennas","169","YECT102WAAH","YECT102WAAH","5G terminal mount rubber dipole external antenna",""
"External antennas","170","YECT103W7AH","YECT103W7AH","5G terminal mount rubber dipole external antenna",""
"External antennas","171","YECW000N1A","YECW000N1A","4G screw mount low profile PIFA external antenna",""
"External antennas","172","YEGB000Q1A","YEGB000Q1A","GNSS L1 & L5 adhesive & magnetic mount low profile active external antenna",""
"External antennas","173","YEGB000Q1C","YEGB000Q1C","GNSS L1 adhesive & magnetic mount low profile active external antenna",""
"External antennas","174","YEGB001Q1A","YEGB001Q1A","GNSS L1 & L5 adhesive & magnetic mount low profile active external antenna",""
"External antennas","175","YEGN000Q1A","YEGN000Q1A","GNSS L1 & L5 bracket mount low profile active external antenna",""
"External antennas","176","YEGN001Q1A","YEGN001Q1A","GNSS L1 & L5 bracket mount low profile active external antenna",""
"External antennas","177","YEGN103W8A","YEGN103W8A","GNSS magnetic mount low profile active external antenna",""
"External antennas","178","YEGR001W8AH","YEGR001W8AH","GNSS terminal mount low profile active external antenna",""
"External antennas","179","YEGT000W8A","YEGT000W8A","GNSS screw mount low profile active external antenna",""
"External antennas","180","YEGT001W1AM","YEGT001W1AM","GNSS terminal mount rubber passive external antenna",""
"External antennas","181","YEGT002W1AM","YEGT002W1AM","GNSS terminal mount rubber passive external antenna",""
"External antennas","182","YEGT003W1AM","YEGT003W1AM","GNSS terminal mount rubber passive external antenna",""
"External antennas","183","YEMA004AA","YEMA004AA","4G & Wi-Fi 2in1 screw mount Combo external antenna",""
"External antennas","184","YEMA013AA","YEMA013AA","5G & GNSS 9in1 adhesive mount Combo external antenna",""
"External antennas","185","YEMA300QXA","YEMA300QXA","4G & Wi-Fi & GNSS 3in1 adhesive mount Combo external antenna",""
"External antennas","186","YEMD301L1A","YEMD301L1A","4G & GNSS 3in1 multiple mount Combo external antenna",""
"External antennas","187","YEMD301L1B","YEMD301L1B","4G & GNSS 3in1 multiple mount Combo external antenna",""
"External antennas","188","YEMD302L1A","YEMD302L1A","4G & Wi-Fi & GNSS 3in1 multiple mount Combo external antenna",""
"External antennas","189","YEMD302L1B","YEMD302L1B","4G & Wi-Fi & GNSS 3in1 multiple mount Combo external antenna",""
"External antennas","190","YEMN016AA","YEMN016AA","5G & GNSS 5in1 screw mount Combo external antenna",""
"External antennas","191","YEMN017AA","YEMN017AA","5G & GNSS 5in1 screw mount Combo external antenna",""
"External antennas","192","YEMN117L1B","YEMN117L1B","4G screw mount low profile monopole external antenna",""
"External antennas","193","YEMN210J1AH","YEMN210J1AH","5G & Wi-Fi 2in1 screw mount Combo external antenna",""
"External antennas","194","YEMN302Q1A","YEMN302Q1A","4G & GNSS 3in1 screw mount Combo external antenna",""
"External antennas","195","YEMN701J1AH","YEMN701J1AH","5G & GNSS 7in1 screw mount Combo external antenna",""
"External antennas","196","YEMN926J1A","YEMN926J1A","5G & GNSS 9in1 screw mount Combo external antenna",""
"External antennas","197","YEMX223J1A","YEMX223J1A","5G 2in1 multiple mount Combo external antenna",""
"External antennas","198","YEMX425J1A","YEMX425J1A","5G 4in1 multiple mount Combo external antenna",""
"External antennas","199","YENA001L1AH","YENA001L1AH","LPWA/ISM adhesive mount whip monopole external antenna",""
"External antennas","200","YENM001L1AH","YENM001L1AH","LPWA/ISM magnetic mount whip monopole external antenna",""
"External antennas","201","YENT000W1AM","YENT000W1AM","LPWA/ISM terminal mount rubber monopole external antenna",""
"External antennas","202","YENT001W1AM","YENT001W1AM","LPWA/ISM terminal mount whip monopole external antenna",""
"External antennas","203","YENT002W1AM","YENT002W1AM","LPWA/ISM terminal mount whip dipole external antenna",""
"External antennas","204","YEWN004AA","YEWN004AA","Wi-Fi 2in1 screw mount Combo external antenna",""
"Cables","205","YEGX000Q1AM","YEGX000Q1AM","DC~6GHz SMA male to TNC male cable Cables & Connectors  |  Cables",""
"Cables","206","YLUX013XQA","YLUX013XQA","DC~6GHz SMA male to SMA female cable",""
"Cables","207","YLUX013XQB","YLUX013XQB","DC~6GHz SMA male to SMA female cable",""
"Cables","208","YLUX013XQC","YLUX013XQC","DC~6GHz SMA male to SMA female cable",""
"Cables","209","YLUX013XQD","YLUX013XQD","DC~6GHz SMA male to SMA female cable",""
"Cables","210","YLUX013XQE","YLUX013XQE","DC~6GHz SMA male to SMA female cable Cables & Connectors  |  Cables 89",""
"Cables","211","YLUX013XQF","YLUX013XQF","DC~6GHz SMA male to SMA female cable",""
"Cables","212","YLUX013XQG","YLUX013XQG","DC~6GHz SMA male to SMA female cable",""
"Cables","213","YLUX013XQH","YLUX013XQH","DC~6GHz SMA male to SMA female cable",""
"Cables","214","YLUX013XQJ","YLUX013XQJ","DC~6GHz SMA male to SMA female cable Cables & Connectors  |  Cables 90",""
"Cables","215","YLUX013XQK","YLUX013XQK","DC~6GHz SMA male to SMA female cable",""
"Cables","216","YLUX013XQL","YLUX013XQL","DC~6GHz SMA male to SMA female cable",""
"Cables","217","YLUX013XQM","YLUX013XQM","DC~6GHz SMA male to SMA female cable",""
"Cables","218","YLUX013XQN","YLUX013XQN","DC~2GHz SMA male to SMA female cable",""
"Cables","219","YLUX013XQP","YLUX013XQP","DC~2GHz SMA male to SMA female cable",""
"Cables","220","YLUX013XQQ","YLUX013XQQ","DC~6GHz SMA male to SMA female cable Cables & Connectors  |  Cables 91",""
"Cables","221","YLUX013XQR","YLUX013XQR","DC~2GHz SMA male to SMA female cable",""
"Cables","222","YLUX016XQA","YLUX016XQA","DC~6GHz SMA male to SMA female cable",""
"Cables","223","YLUX016XQB","YLUX016XQB","DC~6GHz SMA male to SMA female cable",""
"Cables","224","YLUX016XQC","YLUX016XQC","DC~6GHz SMA male to SMA female cable Cables & Connectors  |  Cables 92",""
"Cables","225","YLUX016XQD","YLUX016XQD","DC~6GHz SMA male to SMA female cable",""
"Cables","226","YLUX016XQE","YLUX016XQE","DC~6GHz SMA male to SMA female cable",""
"Cables","227","YLUX016XQF","YLUX016XQF","DC~6GHz SMA male to SMA female cable",""
"Cables","228","YLUX016XQG","YLUX016XQG","DC~6GHz SMA male to SMA female cable",""
"Cables","229","YLUX016XQH","YLUX016XQH","DC~6GHz SMA male to SMA female cable",""
"Cables","230","YLUX016XQJ","YLUX016XQJ","DC~6GHz SMA male to SMA female cable Cables & Connectors  |  Cables 93",""
"Cables","231","YLUX016XQK","YLUX016XQK","DC~6GHz SMA male to SMA female cable",""
"Cables","232","YLUX016XQL","YLUX016XQL","DC~6GHz SMA male to SMA female cable",""
"Cables","233","YLUX016XQM","YLUX016XQM","DC~6GHz SMA male to SMA female cable",""
"Cables","234","YLUX017XQA","YLUX017XQA","DC~6GHz SMA male to SMA female cable Cables & Connectors  |  Cables 94",""
"Cables","235","YLUX017XQB","YLUX017XQB","DC~6GHz SMA male to SMA female cable",""
"Cables","236","YLUX017XQC","YLUX017XQC","DC~6GHz SMA male to SMA female cable",""
"Cables","237","YLUX017XQD","YLUX017XQD","DC~6GHz SMA male to SMA female cable",""
"Cables","238","YLUX017XQE","YLUX017XQE","DC~6GHz SMA male to SMA female cable",""
"Cables","239","YLUX017XQF","YLUX017XQF","DC~6GHz SMA male to SMA female cable",""
"Cables","240","YLUX017XQG","YLUX017XQG","DC~6GHz SMA male to SMA female cable Cables & Connectors  |  Cables 95",""
"Cables","241","YLUX017XQH","YLUX017XQH","DC~6GHz SMA male to SMA female cable",""
"Cables","242","YLUX017XQJ","YLUX017XQJ","DC~6GHz SMA male to SMA female cable",""
"Cables","243","YLUX017XQK","YLUX017XQK","DC~6GHz SMA male to SMA female cable",""
"Cables","244","YLUX017XQL","YLUX017XQL","DC~6GHz SMA male to SMA female cable Cables & Connectors  |  Cables 96",""
"Cables","245","YLUX017XQM","YLUX017XQM","DC~6GHz SMA male to SMA female cable",""
"Cables","246","YLUX030LLAM","YLUX030LLAM","DC~6GHz fakra female Code C to SMA female cable",""
"Cables","247","YLUX031NLAM","YLUX031NLAM","DC~6GHz fakra female Code C to SMA female cable",""
"Cables","248","YLUX032QLAM","YLUX032QLAM","DC~6GHz fakra female Code C to SMA female cable",""
"Cables","249","YLUX033ULAM","YLUX033ULAM","DC~6GHz fakra female Code C to SMA female cable",""
"Cables","250","YLUX034LLAM","YLUX034LLAM","DC~6GHz fakra female Code D to SMA female cable Cables & Connectors  |  Cables 97",""
"Cables","251","YLUX035NLAM","YLUX035NLAM","DC~6GHz fakra female Code D to SMA female cable",""
"Cables","252","YLUX036QLAM","YLUX036QLAM","DC~6GHz fakra female Code D to SMA female cable",""
"Cables","253","YLUX037ULAM","YLUX037ULAM","DC~6GHz fakra female Code D to SMA female cable",""
"Cables","254","YLUX038LLAM","YLUX038LLAM","DC~6GHz fakra female Code D to SMA female cable",""
"Cables","255","YLUX039NLAM","YLUX039NLAM","DC~6GHz fakra female Code D to SMA female cable Cables & Connectors  |  Cables 98",""
"Cables","256","YLUX040QLAM","YLUX040QLAM","DC~6GHz fakra female Code D to SMA female cable",""
"Cables","257","YSAN025AA","YSAN025AA","DC~6GHz SMA female to IPEX MHF1 cable",""
"Cables","258","YSAN025BA","YSAN025BA","DC~6GHz SMA female to IPEX MHF1 cable Cables & Connectors  |  Cables 83",""
"Cables","259","YSAN025CA","YSAN025CA","DC~6GHz SMA female to IPEX MHF1 cable",""
"Cables","260","YSAN025DA","YSAN025DA","DC~6GHz SMA female to IPEX MHF1 cable",""
"Cables","261","YSAN025EA","YSAN025EA","DC~6GHz SMA female to IPEX MHF1 cable",""
"Cables","262","YSAN026AA","YSAN026AA","DC~6GHz RP SMA female to IPEX MHF1 cable",""
"Cables","263","YSAN026BA","YSAN026BA","DC~6GHz RP SMA female to IPEX MHF1 cable",""
"Cables","264","YSAN026CA","YSAN026CA","DC~6GHz RP SMA female to IPEX MHF1 cable Cables & Connectors  |  Cables",""
"Cables","265","YSAN026DA","YSAN026DA","DC~6GHz RP SMA female to IPEX MHF1 cable Cables & Connectors  |  Cables 84",""
"Cables","266","YSAN026EA","YSAN026EA","DC~6GHz RP SMA female to IPEX MHF1 cable",""
"Cables","267","YSAN027AA","YSAN027AA","DC~6GHz SMA female to IPEX MHF4L cable",""
"Cables","268","YSAN027BA","YSAN027BA","DC~6GHz SMA female to IPEX MHF4L cable",""
"Cables","269","YSAN027CA","YSAN027CA","DC~6GHz SMA female to IPEX MHF4L cable",""
"Cables","270","YSAN027DA","YSAN027DA","DC~6GHz SMA female to IPEX MHF4L cable",""
"Cables","271","YSAN027EA","YSAN027EA","DC~6GHz SMA female to IPEX MHF4L cable Cables & Connectors  |  Cables 85",""
"Cables","272","YSAN027FA","YSAN027FA","DC~6GHz SMA female to IPEX MHF4L cable",""
"Cables","273","YSAN027GA","YSAN027GA","DC~6GHz SMA female to IPEX MHF4L cable",""
"Cables","274","YSAN027HA","YSAN027HA","DC~6GHz SMA female to IPEX MHF4L cable",""
"Cables","275","YSAN027IA","YSAN027IA","DC~6GHz SMA female to IPEX MHF4L cable Cables & Connectors  |  Cables 86",""
"Cables","276","YSAN027JA","YSAN027JA","DC~6GHz SMA female to IPEX MHF4L cable",""
"Cables","277","YSAN028AA","YSAN028AA","DC~6GHz RP SMA female to IPEX MHF4L cable",""
"Cables","278","YSAN028BA","YSAN028BA","DC~6GHz RP SMA female to IPEX MHF4L cable",""
"Cables","279","YSAN028CA","YSAN028CA","DC~6GHz RP SMA female to IPEX MHF4L cable",""
"Cables","280","YSAN028DA","YSAN028DA","DC~6GHz RP SMA female to IPEX MHF4L cable",""
"Cables","281","YSAN028EA","YSAN028EA","DC~6GHz RP SMA female to IPEX MHF4L cable Cables & Connectors  |  Cables 87",""
"Cables","282","YSAN028FA","YSAN028FA","DC~6GHz RP SMA female to IPEX MHF4L cable",""
"Cables","283","YSAN028GA","YSAN028GA","DC~6GHz RP SMA female to IPEX MHF4L cable",""
"Cables","284","YSAN028HA","YSAN028HA","DC~6GHz RP SMA female to IPEX MHF4L cable",""
"Cables","285","YSAN028IA","YSAN028IA","DC~6GHz RP SMA female to IPEX MHF4L cable Cables & Connectors  |  Cables 88",""
"Cables","286","YSAN028JA","YSAN028JA","DC~6GHz RP SMA female to IPEX MHF4L cable",""
"Evaluation Boards","287","YC0001CAEVB","YC0001CAEVB","Evaluation Board for YC0001CA",""
"Evaluation Boards","288","YC0002AAEVB","YC0002AAEVB","Evaluation Board for YC0002AA",""
"Evaluation Boards","289","YC0002BAEVB","YC0002BAEVB","Evaluation Board for YC0002BA",""
"Evaluation Boards","290","YC0003BAEVB","YC0003BAEVB","Evaluation Board for YC0003BA",""
"Evaluation Boards","291","YC0009AAEVB","YC0009AAEVB","Evaluation Board for YC0009AA",""
"Evaluation Boards","292","YC0010AAEVB","YC0010AAEVB","Evaluation Board for YC0010AA",""
"Evaluation Boards","293","YC0013AAEVB","YC0013AAEVB","Evaluation Board for YC0013AA",""
"Evaluation Boards","294","YC0017DAEVB","YC0017DAEVB","Evaluation Board for YC0017DA",""
"Evaluation Boards","295","YC0017EAEVB","YC0017EAEVB","Evaluation Board for YC0017EA",""
"Evaluation Boards","296","YC0018CAEVB","YC0018CAEVB","Evaluation Board for YC0018CA",""
"Evaluation Boards","297","YCGS010AAEVB","YCGS010AAEVB","Evaluation Board for YCGS010AA",""
"Evaluation Boards","298","YCIS002AAEVB","YCIS002AAEVB","Evaluation Board for YCIS002AA",""
"Evaluation Boards","299","YCIS003AAEVB","YCIS003AAEVB","Evaluation Board for YCIS003AA",""
"Evaluation Boards","300","YFBC001WWAEVB","YFBC001WWAEVB","Evaluation Board for YFBC001WWA",""
"Evaluation Boards","301","YFBP001WWAEVB","YFBP001WWAEVB","Evaluation Board for YFBP001WWA",""
"Evaluation Boards","302","YFBP001WWBEVB","YFBP001WWBEVB","Evaluation Board for YFBP001WWB",""
"Evaluation Boards","303","YFBP001WWCEVB","YFBP001WWCEVB","Evaluation Board for YFBP001WWC",""
"Evaluation Boards","304","YFCH001WWAEVB","YFCH001WWAEVB","Evaluation Board for YFCH001WWA",""
"Evaluation Boards","305","YFCH002WWAEVB","YFCH002WWAEVB","Evaluation Board for YFCH002WWA",""
"Evaluation Boards","306","YFCP001WWAEVB","YFCP001WWAEVB","Evaluation Board for YFCP001WWA",""
"Evaluation Boards","307","YFCP002WWAEVB","YFCP002WWAEVB","Evaluation Board for YFCP002WWA",""
"Evaluation Boards","308","YFCP004WWAEVB","YFCP004WWAEVB","Evaluation Board for YFCP004WWA",""
"Evaluation Boards","309","YFCP005WWAEVB","YFCP005WWAEVB","Evaluation Board for YFCP005WWA",""
"Evaluation Boards","310","YFCP006WWAEVB","YFCP006WWAEVB","Evaluation Board for YFCP006WWA",""
"Evaluation Boards","311","YFCP017WWAEVB","YFCP017WWAEVB","Evaluation Board for YFCP017WWA",""
"Evaluation Boards","312","YFCP017WWBEVB","YFCP017WWBEVB","Evaluation Board for YFCP017WWB",""
"Evaluation Boards","313","YFCP018WWAEVB","YFCP018WWAEVB","Evaluation Board for YFCP018WWA",""
"Evaluation Boards","314","YFMP200WWAEVB","YFMP200WWAEVB","Evaluation Board for YFMP200WWA",""
"Evaluation Boards","315","YFNP001WWAEVB","YFNP001WWAEVB","Evaluation Board for YFNP001WWA",""
"Evaluation Boards","316","YFNP001WWBEVB","YFNP001WWBEVB","Evaluation Board for YFNP001WWB",""
"Evaluation Boards","317","YFNP017WWAEVB","YFNP017WWAEVB","Evaluation Board for YFNP017WWA",""
"Evaluation Boards","318","YMCP001AAEVBAA","YMCP001AAEVBAA","Evaluation Board for YMCP001AA",""
"Evaluation Boards","319","YMCP002AAEVB","YMCP002AAEVB","Evaluation Board for YMCP002AA",""
"Evaluation Boards","320","YMCP003AAEVBAA","YMCP003AAEVBAA","Evaluation Board for YMCP003AA",""
"Evaluation Boards","321","YPCP001AAEVB","YPCP001AAEVB","Evaluation Board for YPCP001AA",""
"Evaluation Boards","322","YPCP003AAEVB","YPCP003AAEVB","Evaluation Board for YPCP003AA",""
"Evaluation Boards","323","YPCP003BAEVB","YPCP003BAEVB","Evaluation Board for YPCP003BA",""
"Evaluation Boards","324","YPCS001AAEVB","YPCS001AAEVB","Evaluation Board for YPCS001AA",""
"Evaluation Boards","325","YPCS002AAEVB","YPCS002AAEVB","Evaluation Board for YPCS002AA",""
"Evaluation Boards","326","YPGS001AAEVB","YPGS001AAEVB","Evaluation Board for YPGS001AA",""
"Evaluation Boards","327","YSIS001AAEVBAA","YSIS001AAEVBAA","Evaluation Board for YSIS001AA",""
"Evaluation Boards","328","YXU00A0AAEVB","YXU00A0AAEVB","Evaluation Board for YXU00A0AA",""
